Description,URL,Ingredients,Serving Size,Servings Per Container,Calories,Calories from Fat,Total Carbohydrate - Grams,Total Carbohydrate - Percent,Sugars  - Grams,Dietary Fiber  - Grams,Dietary Fiber  - Percent,Total Fat - Grams,Total Fat - Percent,Saturated Fat  - Grams,Saturated Fat  - Percent,TransFat  - Grams,Protein - Grams,Sodium - Milligrams,Sodium - Percent,Cholesterol - Milligrams,Cholesterol - Percent,PackageWeight
Hengstenberg Mildly Spiced Rotessa Red Cabbage,http://www.foodfacts.com/members/item_info.cfm?item=19408,"Cabbage Red,Sugar,Vinegar,Salt,Spice(s)",1 cup (130g),5,80,0,18,6,12,3,12,0,0,0,0,0,2,610,25,0,0,24 oz.
Wegmans Medium Lime &amp; Garlic Salsa,http://www.foodfacts.com/members/item_info.cfm?item=40851,"Tomato(es) Puree,Water,Tomato(es) Paste,Citric Acid,Tomato(es) Diced,Onion(s),Pepper(s) Bell Green,Pepper(s) Jalapeno(s),Sugar,Lime Concentrate,Salt,Garlic,Vinegar,Soybean(s) Oil,Flavor(s) Natural,Spice(s)",2 tbsp.,13,15,0,3,1,2,0,0,0,0,0,0,0,0,180,8,0,0,16 oz.
St. Dalfour 100% Black Raspberry Fruit Spread,http://www.foodfacts.com/members/item_info.cfm?item=17360,"Raspberry(ies) Black,Grape(s) Juice Concentrated,Fruit Pectin,Lemon(s) Juice",1 tbsp (19g),15,60,0,11,4,9,0,0,0,0,0,0,0,0,0,0,0,0,10 oz.
Kellogg's Rice Krispies Treats Crispy Marshmallow Squares,http://www.foodfacts.com/members/item_info.cfm?item=36097,"Rice Toasted Cereal,Rice,Sugar,Corn Syrup High Fructose,Flavoring Malt,Niacinamide (Vitamin aB),Salt,Folic Acid (Vitamin aB),Iron Reduced,Riboflavin (Vitamin B2),Vitamin B2,Marshmallow,Corn Syrup,Sugar,Flavor(s) Artificial,Gelatin,Corn Syrup Solids,Contains 22% or less,Dextrose,Fructose,Margarine,Vegetable(s) Oil,Canola Oil,and/or,Sunflower Oil,Cottonseed Oil Hydrogenated,Cottonseed Oil Partially Hydrogenated,Soybean(s) Oil Partially Hydrogenated,and/or,TBHQ,Tocopherols Mixed (Vitamin E),To Preserve Freshness,Water,Monoglycerides Acetylated,BHT,Preservative,Datem,Flavor(s) Natural and Artificial Butter,Contains,Milk,Vitamin D,Vitamin A Palmitate,Glycerine,Pyridoxine Hydrochloride (HCL),Vitamin B6,Salt,Soy Lecithin,Thiamin Hydrochloride (Vitamin B1)",1 Bar,16,90,20,17,6,8,0,0,,,1,5,0,1,105,4,0,0,12.4 oz.
Duncan Hines Homestyle Buttercream Frosting,http://www.foodfacts.com/members/item_info.cfm?item=25426,"Sugar,Vegetable(s) Shortening,Soybean(s) Oil Partially Hydrogenated,Cottonseed Oil Partially Hydrogenated,Water,Corn Syrup,Contains 2% or less of the Following: (,Color(s) Artificial,Yellow 5,Red 40,Citric Acid,Corn Starch,Mono and Diglycerides,Flavor(s) Natural &amp;amp; Artificial,Polysorbate 60,Potassium Sorbate,To Protect Flavor,Salt,Sodium Acid Pyrophosphate,Sodium Citrate",(32g),14,140,50,22,7,21,0,0,5,8,,,0,0,60,3,0,0,16 oz.
Capri Sun 100% Berry Breeze Juice,http://www.foodfacts.com/members/item_info.cfm?item=47788,"Pear(s) Juice Concentrate,Grape(s) Juice Concentrate,Strawberry(ies) Juice Concentrate,Water,Pear(s) Juice Concentrate,Grape(s) Juice Concentrate,Strawberry(ies) Juice Concentrate,Citric Acid,Flavor(s) Natural",1 pouch,10,100,0,24,8,20,0,0,0,0,0,0,0,0,20,1,0,0,60 fl oz
Wild Thymes Caribbean Peach Lime Chutney,http://www.foodfacts.com/members/item_info.cfm?item=44838,"Peach(s),Apple(s),Sugar,Pineapple,Orange(s),Onion(s),Vinegar Cider ( Organic ),Ginger,Garlic,Pepper(s) Bell Red,and,Pepper(s) Bell Green,Raisin(s),Cilantro,Lime Juice,Spice(s),Salt Sea",1 tbsp,0,15,0,,,,,,0,0,0,0,0,,,,0,0,11 oz
Streit's Matzo Crackers,http://www.foodfacts.com/members/item_info.cfm?item=21427,"Wheat Flour,Water",3 pieces,10,54,0,11,4,0,0,0,0,0,0,0,0,1,0,0,0,0,5.3 oz
Mountain Dew Code Red Soda,http://www.foodfacts.com/members/item_info.cfm?item=47841,"Water Carbonated,Corn Syrup High Fructose,and/or,Sugar,Orange(s) Juice Concentrate,Citric Acid,Sodium Polyphosphate,Flavor(s) Natural,Sodium Benzoate,Caffeine,Sodium Citrate,Arabic Gum,Erythorbic Acid,Calcium Disodium EDTA,To Protect Flavor,Red 40,Potassium Benzoate,Vegetable(s) Oil Brominated,Yellow 5,Blue 1",8 fl oz,2.5,110,0,31,10,30,0,0,0,0,0,0,0,0,70,3,0,0,20 fl oz
Keebler Honey Graham Crackers,http://www.foodfacts.com/members/item_info.cfm?item=32744,"Flour Enriched,Wheat Flour,Niacin,Iron Reduced,Thiamine Mononitrate (Vitamin B1),Vitamin B1,Riboflavin (Vitamin B2),Vitamin B2,Folic Acid (Vitamin aB),Sugar,Cottonseed Oil Partially Hydrogenated,Soybean(s) Oil Partially Hydrogenated,TBHQ,To Preserve Freshness,Wheat Flour Whole,Graham Flour,Flour,Molasses,Honey,Corn Syrup,Corn Syrup High Fructose,Contains 2% or less of the Following: (,Calcium Carbonate,Salt,Leavening,Baking Soda,Sodium Acid Pyrophosphate,Monocalcium Phosphate,Soy Lecithin,Flavor(s) Artificial",8 Crackers,14,140,35,0,0,7,,,4,6,,,0,2,150,6,0,0,16 oz.
Uno's Chicago Grill Buffalo Garlic Romano Sauce,http://www.foodfacts.com/members/item_info.cfm?item=46377,"Buffalo Sauce,Pepper(s) Cayenne Aged,Vinegar Distilled,Water,Salt,Garlic,Margarine,Lecithin,Sodium Benzoate,Flavor(s) Artificial,Beta Carotene,Color(s),Food Starch Modified,Guar Gum,Molasses,Corn Syrup,Spice(s),Caramel,Sugar,Paprika,Tamarind,Cheese Romano,Milk Sheep&amp;apos;s Cultured,Cheese Culture,Salt,Enzyme(s),Anti-Caking Agents,Garlic,Garlic Minced,Salt,Pepper(s) Chili",1.51 oz. (43g),1,40,25,3,1,1,0,0,3,5,0,0,0,2,530,22,5,2,1.51 oz.
Gerber 1st Foods Organic Sweet Peas Baby Food - 2 Pack,http://www.foodfacts.com/members/item_info.cfm?item=39106,"Peas ( Organic ),Water",1 Jar,2,35,0,7,2,3,1,4,0,0,0,0,0,2,5,0,0,0,5 oz.
Orville Redenbacher's Kettle Korn Popcorn,http://www.foodfacts.com/members/item_info.cfm?item=6335,"Popcorn,Soybean(s) Oil Partially Hydrogenated,Butter,Contains less than 22% of,Salt,Flavor(s) Natural &amp;amp; Artificial,Sucralose,TBHQ,Freshness Preserved By,Citric Acid,Freshness Preserved By",2 tbsp. unpopped (1 cup popped),9,35,25,4,1,0,1,4,,,,,0,1,30,1,0,0,10.5 oz
Cheez-It Baked Snack Crackers - Family Size,http://www.foodfacts.com/members/item_info.cfm?item=29544,"Flour Enriched,Flour,Niacin,Iron Reduced,Thiamine Mononitrate (Vitamin B1),Vitamin B1,Riboflavin (Vitamin B2),Vitamin B2,Vegetable(s) Shortening,Contains One Or More Of The Following,Soybean(s) Oil Partially Hydrogenated,and,Canola Oil Partially Hydrogenated,Cheese Skim Milk,Milk Skim,Cheese Cultures,Salt,Enzyme(s),Annatto Extract Color,Salt,Paprika,Yeast,Paprika Colored With Oleoresin",27 crackers,23,160,80,16,5,1,1,4,8,12,2,10,0,4,240,10,0,0,24 oz.
Heinz Hot Dog Relish,http://www.foodfacts.com/members/item_info.cfm?item=6676,"Corn Syrup High Fructose,Pickle(s),Cucumber(s),Salt,Calcium Chloride,Mustard,Vinegar White Distilled,Mustard Seed,Mustard Bran,Salt,Dextrose,Turmeric,Xanthan Gum,Soybean(s) Oil Partially Hydrogenated,Paprika,Paprika Extractives,Flavoring Natural,Vinegar Distilled,Cabbage,Salt,Spice(s),Onion(s) Dehydrated,Pepper(s) Bell Red Dehydrated,Flavoring Natural,Turmeric Extractives,Yellow 5",1 tbsp.,19,15,0,4,1,3,0,0,0,0,0,0,0,0,95,4,0,0,10 fl oz.
Healthy Choice Grilled Chicken Caesar,http://www.foodfacts.com/members/item_info.cfm?item=6493,"Pasta Macaroni Cooked,Water,Semolina Enriched Durum,Niacin,Ferrous Sulfate,Thiamine Mononitrate (Vitamin B1),Riboflavin (Vitamin B2),Folic Acid (Vitamin aB),Egg(s) Whites,Chicken Tenderloins,(,Water,Olive Oil,Seasoning,Salt,Chicken Broth Powder,Maltodextrin,Chicken Broth,Salt,Flavor(s),Fructose,Soy Lecithin,Paprika,Flavor(s),Caramel Color,Soy Protein Product Isolated,),Soy Protein Isolated,Food Starch Modified,Starch,Carrageenan,Soy Lecithin,Broccoli,Carrot(s),Pepper(s) Red,Contains 22% or less,Cream,Milk,Canola Oil,Milk Skim,Cheese Parmesan,Milk Part Skim,Cheese Culture,Salt,Enzyme(s),Cellulose Powder,Food Starch Modified,Cream Cheese,Milk Pasteurized,Cream Pasteurized,Cheese Culture,Salt,Carob Bean Gum,Parsley Flakes,Soybean(s) Oil,Cheese Parmesan Blend,(,Cheese Parmesan,Whey Cultured,Disodium Phosphate,Salt,Yeast Extract Autolyzed,),Garlic Granulated,Vinegar White,Vinegar Distilled,with,Annatto,),Butter,Corn Syrup,Datem,Flavor(s),Garlic Powder,Lactic Acid,Lemon(s) Oil,Locust Bean Gum,Flavoring Natural,Potassium Chloride,Sodium Benzoate,Sodium Bisulfite,Spice(s),Tamarind,Yeast,Mono and Diglycerides,Lemon(s) Juice Concentrate,Disodium Phosphate Dihydrate,Flavor(s) Caesar,(",1 meal,1,300,80,33,11,3,5,20,8,12,,,0,23,580,24,35,12,10 oz
Weis Vegetable Oil Spread With Sweet Cream Buttermilk,http://www.foodfacts.com/members/item_info.cfm?item=10346,"Soybean(s) Oil Liquid,Soybean(s) Oil Partially Hydrogenated,Water,Salt,Buttermilk Solids,Soybean(s) Lecithin,Vegetable(s) Mono and Diglycerides,Potassium Sorbate,Preservative,Citric Acid,Flavor(s) Artificial Butter,Beta Carotene,Vitamin A Palmitate",1 tbsp,32,90,90,0,0,0,0,0,10,15,2,10,0,0,90,4,0,0,16 oz
Golden Grain Enriched Spaghetti Pasta,http://www.foodfacts.com/members/item_info.cfm?item=25704,"Semolina Durum,Niacin,Ferrous Sulfate,Thiamine Mononitrate (Vitamin B1),Riboflavin (Vitamin B2),Folic Acid (Vitamin aB)",2 oz. dry (56g),8,210,10,41,14,2,2,8,1,2,0,0,0,7,0,0,0,0,16 oz.
McCormick Ranch Snack Dip Mix,http://www.foodfacts.com/members/item_info.cfm?item=14598,"Maltodextrin,Salt,Monosodium Glutamate,Flavor(s) Enhancer,Onion(s),Parsley,Carrageenan,Pepper(s) Black,Calcium Stearate,added to make free flowing,Garlic,Parsley Extractives,Soybean(s) Oil,Onion(s) Extractives,Garlic Extractives",3/4 tsp dry mix,16,5,0,1,0,0,0,0,0,0,0,0,0,0,300,13,0,0,1 oz
Red Bull Energy Shot with Taurine,http://www.foodfacts.com/members/item_info.cfm?item=45080,"Water,Sucrose,Glucose,Taurine,Citric Acid,Sodium Citrate,Caffeine,Glucuronolactone,Inositol,Niacinamide (Vitamin aB),Calcium Pantothenate,Pyridoxine HCI,Vitamin B12,Sucralose,Ascorbic Acid,Antioxidant,Flavor(s) Natural &amp;amp; Artificial,Color(s)",1 Bottle,1,25,0,6,2,6,0,0,0,0,0,0,0,0,40,2,0,0,2 fl oz.
Nabisco Kid Sense Fun Packs Smilin' Ritz Bits Crackers,http://www.foodfacts.com/members/item_info.cfm?item=17810,"Flour Enriched,Wheat Flour,Niacin,Iron Reduced,Thiamine Mononitrate (Vitamin B1),Vitamin B1,Riboflavin (Vitamin B2),Vitamin B2,Folic Acid (Vitamin aB),Wheat Flour Whole,Safflower Oil Expeller Pressed High Oleic,Sugar,Rice Brown Syrup,Salt,Leavening,Calcium Phosphate,Baking Soda,Calcium Carbonate,Source of Calcium,Soy Lecithin,An Emulsifier",1 package (22g),6,100,25,17,6,2,1,4,3,5,0,0,0,2,220,9,0,0,4.62 oz
Albertson's Frozen Kiwi Raspberry Juice Concentrate,http://www.foodfacts.com/members/item_info.cfm?item=27479,"Corn Syrup High Fructose,Water,Apple(s) Juice Concentrate,Flavor(s) Natural,Kiwi Juice Concentrate,Citric Acid,Sodium Citrate,Grape(s) Juice Concentrate,Raspberry(ies) Juice Concentrate,Ascorbic Acid,Malic Acid",1/4 cup (60ml),6,100,0,25,8,18,0,0,0,0,0,0,0,0,25,1,0,0,12 oz.
President's Choice Fig &amp; Goat Cheese Blooms,http://www.foodfacts.com/members/item_info.cfm?item=37819,"Pastry,:,Wheat Flour Enriched,Canola Oil,Palm Oil Modified,Water,Butter Unsalted,Filling,:,L-Cysteine Hydrochloride,Palm Kernel Oil,Salt,Cream Cheese,Amylase,Cheese Goat,Milk Pasteurized Goat&amp;apos;s,Bacterial Culture,Salt Sea,Microbial Enzymes,Cream Cheese Spread,Milk Ingredients Modified,Bacterial Culture,Carob Bean Gum,Guar Gum,Salt,Xanthan Gum,Lactic Acid,Egg(s) Whole Dried,Sugar,Thyme,Water,Flavor(s) Natural,Fig(s) Dried,Fig(s),Dextrose,Vinegar White Wine,Topping,:,Egg(s) Whole Liquid,Fig(s) Filling,Water,Corn Syrup High Fructose,Citric Acid,Contains,Fig(s) Paste,Sulfite,Salt,Corn Starch Modified,Potassium Sorbate,Sodium Benzoate,Sodium Propionate,Spice(s),Honey Amber",2 Pieces (42g),6,130,0,10,3,3,0,0,9,14,5,25,0,3,140,6,25,8,8.9 oz.
DiGiorno Deep Dish Pepperoni Pizza,http://www.foodfacts.com/members/item_info.cfm?item=15692,"Water,Cheese Mozzarella Low Moisture Part-Skim,Milk Part Skim,Cheese Culture,Salt,Enzyme(s),Wheat Flour,Pepperoni,Pork,Chicken,and,Beef,Pork,Chicken Mechanically Separated,Beef,Salt,Contains 22% or less,Pork Stock,Spice(s),Dextrose,Lactic Acid Starter Culture,Paprika,BHA,BHT,Citric Acid,Flavor(s),Flavor(s) Natural Smoke,Sodium Ascorbate (Vitamin C),Sodium Nitrate (Nitrite),Oleoresin Paprika,Tomato(es) Paste,Soybean(s) Oil Partially Hydrogenated,and,Cottonseed Oil Partially Hydrogenated,Contains less than 22% of,Sugar,Corn Oil,Wheat Gluten,Salt,Soybean(s) Oil,Wheat Starch,Yeast,Spice(s),Sodium Bicarbonate,Sodium Stearoyl Lactylate,Sodium Aluminum Phosphate,Monoglyceride,Calcium Propionate,Preservative,Sodium Pyrophosphate,Garlic,Starch,Calcium Phosphate,Ascorbic Acid,Beta Carotene,color(s),Barley Malted Flour,Soy Lecithin,Flavor(s) Natural",1/6 Pizza,6,390,200,33,11,5,2,8,22,34,9,45,0,17,1010,42,45,15,33 oz.
Vermont Butter &amp; Cream Company Creme Fraiche,http://www.foodfacts.com/members/item_info.cfm?item=47637,"Cream Pasteurized Cow&amp;apos;s,Culture",1 oz,8,110,100,1,0,1,0,0,11,17,7,35,0,1,20,1,25,8,8 oz
Alpine Sugar Free Spiced Cider Apple Flavor Drink Mix,http://www.foodfacts.com/members/item_info.cfm?item=32935,"Maltodextrin,Malic Acid,Apple(s) Juice Solids,Caramel Color,Aspartame,Sodium Citrate,Control Acidity,Tricalcium Phosphate,Added To Prevent Caking,Ascorbic Acid,Flavor(s) Natural &amp;amp; Artificial,Spice(s) Extractive",1 Pouch,10,15,0,0,0,0,0,0,0,0,0,0,0,0,30,1,0,0,14 oz.
Cream of Wheat Whole Grain Hot Cereal,http://www.foodfacts.com/members/item_info.cfm?item=46785,"Wheat Farina,Wheat Bran,Wheat Germ,Wheat Germ Defatted,Disodium Phosphate,Vitamins And Minerals,:,Calcium Carbonate,Ferric Orthophosphate,Iron,Niacin,Thiamine Mononitrate (Vitamin B1),Vitamin B1,Riboflavin (Vitamin B2),Vitamin B2,Folic Acid (Vitamin aB)",3 tbsp,21,200,5,23,8,0,4,16,,,0,0,0,4,85,4,0,0,18 oz
Carb Options Ranch Salad Dressing,http://www.foodfacts.com/members/item_info.cfm?item=8547,"Soybean(s) Oil,Water,Salt,Egg(s) Yolks,Vinegar Distilled,Phosphoric Acid,Garlic Powder,Xanthan Gum,Monosodium Glutamate,Lemon(s) Juice,Onion(s) Powder,Flavor(s) Natural,Sorbic Acid,Used to protect quality,Calcium Disodium EDTA,Used to protect quality,Spice(s),Polysorbate 60,Disodium Guanylate,Disodium Inosinate,Sucralose",2 tbsp,16,150,150,0,0,0,0,0,17,26,,,0,0,210,9,10,3,16 fl oz
Quaker Chocolatey Drizzle Multigrain Cakes,http://www.foodfacts.com/members/item_info.cfm?item=38456,"Multi Grain Cake,Wheat Flour Whole Grain,Corn Yellow Whole Grain,Rice Brown Flour Whole Grain,Sugar,Salt,Tocopherol Natural,Coating,Sugar,Palm Kernel Oil Partially Hydrogenated,Adds an insignificant amount of fat,Cocoa Processed With Alkali,Buttermilk,Cocoa,Milk Fat,Palm Oil Hydrogenated,Adds an insignificant amount of fat,Sorbitan Monostearate,Soy Lecithin,Polysorbate 60,Flavor(s) Natural &amp;amp; Artificial",1 Pack,6,90,30,14,5,6,1,4,,,,,0,1,85,4,0,0,4.2 oz.
Super Pretzel Onion Veggie Cream Cheese Filled Soft Pretzel Sticks,http://www.foodfacts.com/members/item_info.cfm?item=6472,"Wheat Flour Enriched,Wheat Flour,Barley Malted Flour,Niacin,Iron Reduced,Thiamine Mononitrate (Vitamin B1),Riboflavin (Vitamin B2),Folic Acid (Vitamin aB),Water,Filling,(,Milk Pasteurized,and,Cream Pasteurized,Vegetable(s),Onion(s) Dried,Pepper(s) Bell Red,Pepper(s) Bell Green,Carrot(s),Pepper(s) Jalapeno(s),Spinach Dried,Garlic,Salt,Cheese Culture,Food Starch Modified,Flavor(s) Natural,Vinegar,Dill,Chives Dried,Spice(s),and,Herb(s),Stabilizer,(,Carob Bean Gum,and/or,Guar Gum,and/or,Xanthan Gum,),Lime Juice,Potassium Sorbate,),To Preserve Freshness,Corn Syrup,Yeast,Bread Crumbs,(,Enriched With Niacin,Wheat Flour,Barley Malted Flour,Niacin,Iron Reduced,Thiamine Mononitrate (Vitamin B1),Riboflavin (Vitamin B2),Folic Acid (Vitamin aB),Vegetable(s) Shortening Partially Hydrogenated,Soybean(s) Oil,Cottonseed Oil,Whey,Bicarbonate of Soda,Calcium Propionate,Preservative,Sesame Seed(s),),Soy Flour,Carbonates of Soda",2 sticks,5,140,35,24,8,1,1,4,4,6,2,10,0,4,150,6,10,3,9 oz.
Toll House Mini Brownie Bites,http://www.foodfacts.com/members/item_info.cfm?item=42449,"Sugar,Nestle Toll House Morsels,Chocolate Semisweet,Sugar,Chocolate,Cocoa Butter,Milk Fat,Soy Lecithin,Vanillin,Flavor(s) Artificial,Flavor(s) Natural,Margarine,Palm Oil,Water,Sunflower Oil,Sodium Benzoate,Citric Acid,Flavor(s) Natural &amp;amp; Artificial,Beta Carotene,color(s),Vitamin A Palmitate,Flour Bleached Enriched,Wheat Flour,Niacin,Iron Reduced,Thiamine Mononitrate (Vitamin B1),Riboflavin (Vitamin B2),Folic Acid (Vitamin aB),Water,Cocoa Processed With Alkali,Corn Starch,Egg(s),Corn Syrup High Fructose,Molasses,Flavor(s) Natural &amp;amp; Artificial,Salt,Baking Soda,Gellan Gum,Sodium Aluminum Phosphate,Mono and Diglycerides,Polysorbate 60,Spice(s)",4 brownies,10,210,90,27,9,20,1,4,10,15,5,25,0,2,180,8,30,10,16 oz
Sylvia's Restaurant Specially-Seasoned Turnip Greens,http://www.foodfacts.com/members/item_info.cfm?item=19131,"Turnip(s) Greens,Water,Sugar,Sugar Brown,Salt,Flavor(s) Smoke Imitation Turkey,Corn Gluten Hydrolyzed,Soy Protein,Wheat Gluten,Soybean(s) Oil,Flavor(s) Smoke,Xanthan Gum,Flavor(s) Natural",1/2 cup (124g),3.5,40,0,8,3,4,3,12,0,0,0,0,0,1,490,20,0,0,14 oz
Oscar Mayer Cheese Turkey Franks,http://www.foodfacts.com/members/item_info.cfm?item=15891,"Turkey Mechanically Separated,Cheese Product Pasteurized,Milk,Water,Milk Protein Concentrate,Milk Fat,Whey,Protein Concentrate,Sodium Phosphate,Salt,Sodium Alginate,Apocarotenal,color(s),Cheese Culture,Enzyme(s),Sodium Hexametaphosphate,Sorbic Acid,As Preservatives,Water,Corn Syrup,Contains less than 22% of,Salt,Tapioca Starch,Sodium Lactate,Dextrose,Sodium Diacetate,Sodium Erythorbate,Made From,Sugar,Flavor(s),Sodium Nitrate (Nitrite)",1 Frank,10,100,70,2,1,1,1,4,8,12,3,15,0,6,490,20,30,10,16 oz
Birds Eye Steamfresh Mixed Vegetables,http://www.foodfacts.com/members/item_info.cfm?item=32284,"Corn,Carrot(s),Peas,Bean(s) Green",2/3 Cup,4,60,0,0,0,4,2,8,0,0,0,0,0,0,20,1,0,0,12 oz.
Lo Mein Beef,http://www.foodfacts.com/members/item_info.cfm?item=25851,"Marinated,Beef,Bean(s) Sprouts,Mushroom(s) Chinese Black,Sesame Oil,Bok Choy,Carrot(s),Celery,Dark Sauce,Egg(s) Noodles,Garlic,Onion(s) Green,Sticks,Onion(s) Yellow",1 meal,1,990,378,90,30,0,0,0,42,65,11,55,0,61,0,0,0,0,Dinner Portion
McCormick California Style Minced Garlic,http://www.foodfacts.com/members/item_info.cfm?item=12787,"Garlic,Soybean(s) Oil Partially Hydrogenated,Citric Acid",1 tsp,24,15,5,0,0,0,0,0,,,0,0,0,0,0,0,0,0,4.25 oz
Wegmans Classic Mayonnaise,http://www.foodfacts.com/members/item_info.cfm?item=39469,"Soybean(s) Oil,Water,Egg(s),Egg(s) Yolks,Vinegar,Contains 22% or less,Salt,Sugar,Lemon(s) Juice Concentrated,Flavor(s) Natural,with,Calcium Disodium EDTA,To Preserve Freshness",1 tbsp.,32,100,100,0,0,0,0,0,11,17,2,10,0,0,80,3,5,2,16 fl oz.
Lowe's Shredded Mild Cheddar Cheese,http://www.foodfacts.com/members/item_info.cfm?item=33260,"Milk Pasteurized,Cheese Cultures,Salt,Enzyme(s),Annatto,Vegetable(s) Color,Potato(es) Starch,and,Cellulose Powdered,Added To Prevent Caking",1 oz. (28g),12,110,80,1,0,0,0,0,0,0,0,0,0,7,180,8,0,0,12 oz.
Arrowhead Mills Organic Valencia Crunchy Peanut Butter,http://www.foodfacts.com/members/item_info.cfm?item=22008,"Peanut(s) Valencia Roasted Unblanched ( Organic ),May contain :,Cashew(s),Contains 0.5% or less of:,Almond(s),and/or,Sesame Seed(s)",2 Tbsp. (32g),16,190,150,6,2,1,2,8,,,,,0,8,0,0,0,0,18 oz.
Kellogg's Frosted Flakes Cereal,http://www.foodfacts.com/members/item_info.cfm?item=9426,"Corn Milled,Sugar,Flavoring Malt,Corn Syrup High Fructose,Salt,Sodium Ascorbate (Vitamin C),and,Ascorbic Acid,Vitamin C,Niacinamide (Vitamin aB),Iron,Pyridoxine Hydrochloride (HCL),Vitamin B6,Riboflavin (Vitamin B2),Vitamin B2,Thiamine (Thiamin) Hydrochloride,Vitamin B1,Vitamin A Palmitate,Folic Acid (Vitamin aB),BHT,To Preserve Freshness,Vitamin B12,Vitamin D",3/4 cup (30g),14,110,0,27,9,11,1,4,0,0,0,0,0,1,140,6,0,0,15 oz
Borden Dairy Singles Pasteurized White American Cheese Product,http://www.foodfacts.com/members/item_info.cfm?item=16843,"Milk,Whey,Milk Skim,Milk Ultra Filtrated,Cream,Calcium Phosphate,Whey Protein Concentrate,Sodium Citrate,Salt,Sodium Phosphate,Sorbic Acid,As Preservatives,Citric Acid,Enzyme(s),Cheese Culture",1 slice (19g),24,60,40,2,1,1,0,0,,,3,15,0,3,260,11,15,5,16 oz.
Wrigley Big Red Cinnamon Gum,http://www.foodfacts.com/members/item_info.cfm?item=30080,"Sugar,Gum Base,Corn Syrup,Flavor(s) Natural &amp;amp; Artificial,Softeners,Red 40 Lake,BHT,Blue 1 Lake",1 stick (3g),50,10,0,2,1,2,0,0,0,0,0,0,0,0,0,0,0,0,10 Pack
Sara Lee Bites Strawberry Cheesecake,http://www.foodfacts.com/members/item_info.cfm?item=48769,"Cream Cheese,Milk,Cream Cheese,Milk Pasteurized,Cream,Cheese Culture,Salt,Carob Bean Gum,Palm Oil,Cream,Cheese Culture,Milk Fat,Salt,Carob Bean Gum,Lactic Acid,Mono and Diglycerides,Apo-Carotenal Color,Vanilla Wafer Crumb,Flour Enriched,Wheat Flour,Niacin,Iron,Thiamine Mononitrate (Vitamin B1),Riboflavin (Vitamin B2),Folic Acid (Vitamin aB),Sugar,Palm Oil,Dextrose,Whey,Salt,Flavor(s) Natural &amp;amp; Artificial,Baking Soda,Strawberry(ies) Filling,Strawberry(ies),Sugar,Corn Syrup,Water,Corn Starch Modified,Flavor(s) Natural,Red 40,Phosphoric Acid,Citric Acid,Malic Acid,Tartaric Acid,Egg(s),Sugar,Corn Syrup High Fructose,Vegetable(s) Oil,Palm Oil,Canola Oil,Dextrose,Maltodextrin,Contains 2% or less of the Following: (,Sour Cream,Milk Cultured,Cream,Corn Starch Modified,Carob Bean Gum,Carrageenan,Xanthan Gum,Potassium Chloride,Milk Skim,Corn Starch Modified,Salt,Xanthan Gum,Flavor(s) Natural &amp;amp; Artificial,Carob Bean Gum,Carrageenan,Guar Gum,Color(s),with,Annatto,Caramel Color,Soy Lecithin",22 bites,2,220,20,45,15,29,1,4,25,38,13,65,0,6,180,8,80,27,7 oz
Good Sense Canyon Mix Fruit 'N Nut Snack Mix,http://www.foodfacts.com/members/item_info.cfm?item=8320,"Peanut(s),Flavored Coating Yogurt,Sugar,Yogurt Powder,Milk Non-Fat Dry Powder,Whey Powder Reduced Mineral,Milk Powder Whole,Soya Lecithin,Color(s) Artificial,Salt,Vanillin,Raisin(s) Seedless,Pineapple,Walnut(s),Almond(s),Sulfer Dioxide",1/4 cup,9,140,60,17,6,10,2,8,7,11,2,10,0,3,55,2,0,0,10 oz.
Newman's Own Organics Traditional Thin Pretzels,http://www.foodfacts.com/members/item_info.cfm?item=43110,"Wheat Flour Unbleached ( Organic ),Rye Flour ( Organic ),Rice Brown Syrup ( Organic ),Sunflower Oil ( Organic ),Barley Malt ( Organic ),Yeast,Salt,Sodium Bicarbonate",10 Pretzels,9,110,10,24,8,1,1,4,1,2,0,0,0,2,400,17,0,0,7.5 oz
President's Choice 3-Bean Minestrone Soup,http://www.foodfacts.com/members/item_info.cfm?item=37032,"Water,Carrot(s),Bean(s) Kidney,Spinach,Tomato(es) Paste,Pasta Shells,Wheat Flour Enriched,Egg(s) Whites Dried,Canola Oil,Or,Chickpea(s),Onion(s) Dehydrated,Tomato(es) Diced,Tomato(es),Tomato(es) Juice,Calcium Chloride,Citric Acid,Salt,Bean(s) Lima,Salt,Seasoning,Soybean(s) Oil,Garlic Powder,Spice(s),Sugar,Contains,Flavor(s) Natural,Milk Ingredients Modified,Basil Dehydrated",1 Cup (250ml),2,110,0,19,6,3,3,12,,,,,0,4,960,40,0,0,18.25 oz.
President's Choice Blue Menu Reduced Fat Shepherd's Pie,http://www.foodfacts.com/members/item_info.cfm?item=37324,"Filling,:,Beef,Butter,Corn,Onion(s),Topping,:,Butter,Dextrose,Contains,Potato(es),Sulfite,Salt,Milk Skim,Spice(s),Sauce,:,Cream Whipping,Milk Ingredients,Cellulose Gel,Carob Bean Gum,Carrageenan,Cellulose Gum,Polysorbate 80,Caramel Color,Dextrose,Wheat Flour Enriched,Contains,Flavor(s),Salt,Canola Oil,Garlic Powder,Onion(s) Powder,Salt,Spice(s),Water,Beef Base,Beef,Beef Stock,Garlic Powder,Onion(s) Powder,Potato(es) Flour,Salt,Caramel Color,Corn Oil,Spice(s)",1/4 Pie (225g),4,290,0,31,10,4,1,4,9,14,6,30,0,21,760,32,40,13,31.75 oz.
Parkay Fat Free Vegetable Oil Spread Spray,http://www.foodfacts.com/members/item_info.cfm?item=17414,"Water,Soybean(s) Oil,Buttermilk,Salt,Soy Lecithin,and,Polyglycerol Esters Of Fatty Acids,An Emulsifier,Xanthan Gum,Potassium Sorbate,and,Sodium Benzoate,To Preserve Freshness,Lactic Acid,Acidulant,Flavor(s) Artificial,Beta Carotene,Colored With,Vitamin A,Vitamin A Palmitate",1 Spray (.2g)  for cooking,1130,0,0,0,0,0,0,0,0,0,0,0,0,0,5,0,0,0,8 oz
Hale &amp; Hearty Soups Small Turkey Chili,http://www.foodfacts.com/members/item_info.cfm?item=46280,"Turkey Ground,Water,Onion(s) Red,Pepper(s),Tomato(es) Diced,Bean(s) Pinto,Tomato(es) Plum,Tomato(es) Paste,Cilantro,Pepper(s) Ancho Chili,Garlic Blend,Salt,Lime Juice,Sugar Brown,Curry Powder,Olive Oil Extra Virgin,Cumin,Cinnamon Ground,Nutmeg Ground,Pepper(s) Red Flakes,Pepper(s) Black",1 container,1,240,60,26,9,9,6,24,7,11,2,10,0,18,840,35,55,18,8 fl oz
Kellogg's Corn Flake Crumbs,http://www.foodfacts.com/members/item_info.cfm?item=11053,"Corn Milled,Sugar,Flavoring Malt,Corn Syrup High Fructose,Salt,Vitamins &amp;amp; Iron,Iron Reduced,Niacinimide,Riboflavin (Vitamin B2),Thiamine (Thiamin) Hydrochloride,Calcium d - Pantothenate,Pyridoxine Hydrochloride (HCL),Folic Acid (Vitamin aB),BHT,Preservative",2 Tbsp.,54,40,0,9,3,1,0,0,0,0,0,0,0,1,80,3,0,0,21 oz.
Annie's Homegrown Chocolate Chip Bunny Grahams Crackers,http://www.foodfacts.com/members/item_info.cfm?item=39404,"Wheat Flour ( Organic ),Cane Juice Evaporated ( Organic ),Safflower Oil,Sunflower Oil,Corn Flour ( Organic ),Graham Flour ( Organic ),Chocolate Chips,Sugar,Chocolate Unsweetened,Cocoa Butter,Soy Lecithin,Vanilla Extract,Cocoa Alkalized,Calcium Carbonate,Flavor(s) Natural,Baking Soda,Canola Oil,Salt,Flavor(s) Chocolate ( Organic )",24 Cookies (30g),7,140,40,22,7,8,,,,,0,0,0,2,125,5,0,0,7.5 oz.
Wegmans Hash Brown's O'Brien,http://www.foodfacts.com/members/item_info.cfm?item=41313,"Potato(es),Onion(s),Pepper(s) Bell Green,Pepper(s) Bell Red,Dextrose,Sodium Acid Pyrophosphate,To Protect Color",2/3 Cup,9,50,0,11,4,1,2,8,0,0,0,0,0,1,25,1,0,0,28 oz
Herr's One Pounder Sourdough Pretzels,http://www.foodfacts.com/members/item_info.cfm?item=33648,"Wheat Flour Enriched,Wheat Flour,Niacin,Iron Reduced,Thiamine Mononitrate (Vitamin B1),Riboflavin (Vitamin B2),Folic Acid (Vitamin aB),Salt,Whey Dry,Buttermilk Cultured Dry,Milk Skim Cultured,Yeast,Citric Acid,Soda",4 Pretzels,16,110,10,0,0,0,2,8,1,2,0,0,0,3,450,19,0,0,16 oz.
Hi-C Blast Blue Watermelon Pouches - 10 Pack,http://www.foodfacts.com/members/item_info.cfm?item=4229,"Water Filtered,Sweeteners,Contains less than 22% of,Apple(s) Juice from Concentrate,Corn Syrup High Fructose,Pear(s) Juice From Concentrate,Sugar,Ascorbic Acid,Blue 1,Contains less than 22% of,Blueberry(ies) Juice from Concentrate,Citric Acid,Flavoring Natural,Contains less than 22% of,Watermelon Juice From Concentrate",1 Pouch,10,100,0,26,9,25,0,0,0,0,0,0,0,0,15,1,0,0,67.5 fl oz
Tang Orange Flavored Drink Mix,http://www.foodfacts.com/members/item_info.cfm?item=18641,"Sugar,Fructose,Citric Acid,For Tartness,Contains less than 22% of,Orange(s) Juice Solids,Flavor(s) Natural &amp;amp; Artificial,Ascorbic Acid,Vitamin C,Vitamin E Acetate,Niacinamide (Vitamin aB),Vitamin A Palmitate,Vitamin B6,Riboflavin (Vitamin B2),Vitamin B2,Maltodextrin,From Corn,Calcium Phosphate,Added To Prevent Caking,Xanthan Gum,and,Guar Gum,Provides body,Sodium Acid Pyrophosphate,Color(s) Artificial,Yellow 5,Yellow 6,BHA,To Preserve Freshness",2 Tbsp. (25g),24,90,0,23,8,23,0,0,0,0,0,0,0,0,35,1,0,0,21.1 oz
ShopRite Chocolate Pudding Snacks,http://www.foodfacts.com/members/item_info.cfm?item=47656,"Sugar,Water,Food Starch Modified,Cocoa Processed with Alkali,Salt,Carrageenan,Flavor(s) Natural &amp;amp; Artificial,Sodium Stearoyl Lactylate,Titanium Dioxide Color,Sodium Phosphate",1 cup,6,100,0,23,8,18,0,0,0,0,0,0,0,2,210,9,0,0,24 oz.
Rienzi Red Clam Italian Pasta Sauce,http://www.foodfacts.com/members/item_info.cfm?item=16662,"Tomato(es),Fish Clam(s),Fish Clam Juice,Water,Pepper(s) Red,Salt,Soybean(s) Oil,Olive Oil,Onion(s) Dehydrated,Garlic Dehydrated,Spice(s),Parsley Dried",1/2 cup (125g),2.5,60,15,5,2,4,1,4,,,0,0,0,5,500,21,10,3,15 oz
Hershey's Goodnight Kisses Hot Cocoa Mix,http://www.foodfacts.com/members/item_info.cfm?item=23613,"Sugar,Milk Chocolate,Chocolate Milk,Contains,Sugar,Chocolate,Cocoa Butter,Milk,Soy Lecithin,An Emulsifier,and,Vanillin,An Artificial Flavor,Corn Syrup Solids,Milk Non-Fat,Soybean(s) Oil Partially Hydrogenated,Whey,Calcium Carbonate,Cocoa Processed with Alkali,Dipotassium Phosphate,Guar Gum,Salt,Sodium Caseinate,Mono and Diglycerides,Flavoring Artificial and Natural",1 Envelope,4,150,30,27,9,22,0,0,,,1,5,0,2,160,7,0,0,4.94 oz.
Jell-O Instant Limited Edition Pumpkin Spice Pudding &amp; Pie Filling,http://www.foodfacts.com/members/item_info.cfm?item=29224,"Sugar,Food Starch Modified,Contains 2% or less of the Following: (,Flavor(s) Natural &amp;amp; Artificial,Cinnamon,Ginger,Salt,Disodium Phosphate,Tetrasodium Pyrophosphate,Thickener,Mono and Diglycerides,Yellow 5,Yellow 6,Caramel Color,Color(s) Artificial,BHA,Preservative",(25g),4,90,0,23,8,18,0,0,0,0,0,0,0,0,340,14,0,0,3.4 oz.
Coca-Cola Diet Cherry Coke Soda,http://www.foodfacts.com/members/item_info.cfm?item=656,"Water Carbonated,Caramel Color,Aspartame,Flavoring Natural,Phosphoric Acid,Potassium Benzoate,Acesulfame Potassium,Caffeine",8 fl oz,8,0,0,0,0,0,0,0,0,0,0,0,0,0,30,1,0,0,2 Liters
Junior Mints Candy - Snack Size,http://www.foodfacts.com/members/item_info.cfm?item=6318,"Sugar,Chocolate Semisweet,Sugar,Chocolate,Cocoa Butter,Soya Lecithin,Emulsifier(s),Vanillin,Flavor(s) Artificial,Corn Syrup,Confectioner&amp;apos;s Glaze,Food Starch Modified,Peppermint Oil,Invertase,Enzyme(s),Soya Albumin,Proteins,Gelatin",2 boxes (38g),7,150,25,32,11,32,0,0,,,,,0,0,5,0,0,0,10 oz
After The Fall Organic Tropical Punch Juice Blend,http://www.foodfacts.com/members/item_info.cfm?item=21301,"Water Filtered,Grape(s) Juice White Concentrate ( Organic ),and,Orange(s) Juice Concentrate ( Organic ),Hibiscus ( Organic ),Pineapple Juice ( Organic ),and,Lemon(s) Juice Concentrate ( Organic ),Mango Puree ( Organic ),Flavor(s) Natural",8 fl oz (240ml),4,110,0,25,8,25,0,0,0,0,0,0,0,1,20,1,0,0,32 fl oz
"Tastykake 100 Calorie Cookie Sticks, Fudge Brownie",http://www.foodfacts.com/members/item_info.cfm?item=48035,"Flour Enriched,Wheat Flour,Niacin,Iron Reduced,Thiamine Mononitrate (Vitamin B1),Riboflavin (Vitamin B2),Folic Acid (Vitamin aB),Sugar,Corn Syrup High Fructose,Chocolate Sweet,Sugar,Chocolate,Cocoa Butter,Dextrose,Soy Lecithin,Flavor(s) Natural,Soybean(s) Oil,Water,Cocoa,Food Starch Modified,Cocoa Processed with Alkali,Egg(s),Salt,Mono and Diglycerides,Flavor(s) Natural,Whey,Milk Skim,Baking Soda,Soy Protein Isolate,Soy Lecithin,Peanut(s)",1 cookie,10,100,20,15,5,9,,,2,3,,,0,1,60,3,5,2,7.5 oz
Minute Maid All Natural Lemonada - Limeade Juice,http://www.foodfacts.com/members/item_info.cfm?item=4187,"Water Filtered Pure,Corn Syrup High Fructose,Citric Acid,Lime Juice From Concentrate,Flavoring Natural,Sugar",8 fl oz.,8,120,0,33,11,31,0,0,0,0,0,0,0,0,15,1,0,0,65 fl oz.
Banquet Chicken Fried Chicken With Mashed Potatoes &amp; Corn,http://www.foodfacts.com/members/item_info.cfm?item=11151,"Gravy,Water,Milk Dry Whole,Milk Non-Fat Dry,Vitamin A Palmitate,Vitamin D3,Chicken Fat Rendered,Flavor(s),Wheat Flour,BHA,Chicken Fat,BHA,Propyl Gallate,Citric Acid,Cottonseed Oil Partially Hydrogenated,Food Starch Modified,Salt,Flavor(s) Chicken,Maltodextrin,Salt,Yeast Extract Autolyzed,Flavor(s),Chicken Skin,Chicken Broth,Triglycerides Mixed,Safflower Oil,Sodium Hydroxide,Ascorbic Acid,Citric Acid,Coffee,Flavor(s),Vegetable(s) Oil,Mushroom(s),Soybean(s) Oil Partially Hydrogenated,Soy Sauce,Wheat,Soybean(s),Salt,Sodium Benzoate,Spice(s),Sesame Oil,Chicken Powder Cooked,Chicken Ground And Formed Cooked,Breading,Wheat Flour Bleached,Corn Flour Yellow,Spice(s),Salt,Leavening,Sodium Aluminum Phosphate,Sodium Bicarbonate,Soybean(s) Oil Partially Hydrogenated,Flavor(s),Water,Soy Protein Textured,Soy Protein,Soy Carbohydrate,Batter,Corn Flour Yellow,Corn Starch,Salt,Spice(s),Guar Gum,Leavening,Sodium Acid Pyrophosphate,Sodium Bicarbonate,Monocalcium Phosphate",1 meal,1,420,210,39,13,9,4,16,23,35,12,60,0,15,1200,50,35,12,10.10 oz
Wegmans Rainbow Rotini Pasta,http://www.foodfacts.com/members/item_info.cfm?item=39649,"Semolina,Tomato(es) Solids,Spinach Dried,Enriched with:,Iron,Ferrous Sulfate,Vitamin B,Niacin,Thiamine Mononitrate (Vitamin B1),Riboflavin (Vitamin B2),Folic Acid (Vitamin aB)",1 Cup Dry,6,210,10,42,14,2,1,4,1,2,0,0,0,7,20,1,0,0,12 oz.
Annie's Homegrown Organic Cheddar Bunnies Crackers - Family Size,http://www.foodfacts.com/members/item_info.cfm?item=39462,"Wheat Flour ( Organic ),Vegetable(s) Oil Expeller-Pressed ( Organic ),Safflower Oil ( Organic ),and/or,Sunflower Oil ( Organic ),Salt,Cheese Cheddar ( Organic ),Yeast Extract,Paprika ( Organic ),Annatto Extract,Celery Seed Ground ( Organic ),Onion(s) Powder ( Organic ),Yeast",50 Crackers (30g),10,150,60,19,6,0,0,0,7,11,1,5,0,3,250,10,0,0,11 oz.
Hodgson Mill Whole Wheat Buttermilk Pancake Mix,http://www.foodfacts.com/members/item_info.cfm?item=14852,"Wheat Flour Whole,Corn Meal Yellow,Buttermilk Solids,Dextrose,Leavening,Monocalcium Phosphate,Baking Soda,Salt",1/3 cup dry mix (40g),23,130,10,28,9,3,4,16,1,2,0,0,0,4,321,13,0,0,32 oz.
Brummel &amp; Brown Vegetable Oil Spread made with Yogurt,http://www.foodfacts.com/members/item_info.cfm?item=17426,"Water,Vegetable(s) Oil Blend,Soybean(s) Oil,Palm Oil,Palm Kernel Oil,Palm Kernel Oil,Canola Oil,Salt,Gelatin,Yogurt Non Fat,Milk Non-Fat Cultured,Soy Lecithin,Vegetable(s) Mono and Diglycerides,Potassium Sorbate,Calcium Disodium EDTA,Lactic Acid,Used to protect quality,Flavor(s) Artificial,Vitamin A Palmitate,Beta Carotene,Added for Color",1 Tbsp (14g),30,45,45,0,0,0,0,0,5,8,,,0,0,90,4,0,0,15 oz
Uncle Ben's Ready Rice Original Long Grain,http://www.foodfacts.com/members/item_info.cfm?item=5646,"Water,Rice Long Grain Parboiled,Canola Oil,Soybean(s) Oil Partially Hydrogenated",(125g),2,190,20,40,13,0,2,8,,,0,0,0,3,20,1,0,0,8.8 oz
S &amp; W Premium Quality Whole Green Beans,http://www.foodfacts.com/members/item_info.cfm?item=31379,"Bean(s) Green,Water,Salt",(120g),3.5,20,0,4,1,2,2,8,0,0,0,0,0,1,340,14,0,0,14.5 oz.
President's Choice Memories of Canton Plum Sauce,http://www.foodfacts.com/members/item_info.cfm?item=36756,"Water,Sugar,Pumpkin,Vinegar White,Corn Starch Modified,Plum(s),Orange(s) Peel,Salt,Pepper(s) Jalapeno(s) Red,Ginger,Lemon(s) Juice Concentrated,Garlic,Soybean(s) Oil,Spice(s),Citric Acid,Acetic Acid",2 tbsp. (30ml),12,60,0,15,5,12,0,0,0,0,0,0,0,0,280,12,0,0,11.8 fl oz.
Freihofer's Carb Consider Wheat Bread,http://www.foodfacts.com/members/item_info.cfm?item=13176,"Wheat Flour Whole,Water,Wheat Flour Enriched,Flour,Barley Malted Flour,Iron Reduced,Niacin,Thiamine Mononitrate (Vitamin B1),Vitamin B1,Riboflavin (Vitamin B2),Vitamin B2,Folic Acid (Vitamin aB),Wheat Gluten,Wheat Protein Isolate,Soybean(s) Oil,Yeast,Wheat Bran,Oat(s) Fiber,Corn Syrup High Fructose,Molasses,Salt,Mono and Diglycerides,Calcium Propionate,Preservative,Sodium Stearoyl Lactylate,Grain(s) Vinegar,Monocalcium Phosphate,Calcium Sulphate (Sulfate),Soy Lecithin",1 slice (30g),19,70,15,10,3,0,1,4,,,0,0,0,4,140,6,0,0,20 oz.
Silk Light Lactose Free Plain Soymilk,http://www.foodfacts.com/members/item_info.cfm?item=18531,"Water Filtered,Soy Flour,Cane Juice Naturally Milled Evaporated ( Organic ),Calcium Carbonate,Salt Sea,Flavor(s) Natural,Carrageenan,Vitamin A Palmitate,Vitamin D2,Riboflavin (Vitamin B2),Vitamin B2,Vitamin B12",1 cup (240ml),8,70,20,8,3,6,1,4,2,3,0,0,0,6,120,5,0,0,64 fl oz.
Activia Fiber Nonfat Peach &amp; Cereal Yogurt,http://www.foodfacts.com/members/item_info.cfm?item=48720,"Milk Reduced Fat Grade A Cultured,Water,Fructose,Peach(s),Sugar,Inulin,Contains less than 11% of,Whey Protein Concentrate,Corn Starch,Wheat Flakes Rolled White,Corn Starch Modified,Wheat Bran Red,Gelatin Kosher,Oat(s) Rolled,Flavor(s) Natural,Citric Acid,Sodium Citrate,Annatto Extract,Turmeric,color(s)",1,4,110,15,19,6,17,3,12,2,3,1,5,0,5,65,3,5,2,16 oz
Thomas' Cinnamon Swirl Toasting Bread,http://www.foodfacts.com/members/item_info.cfm?item=20586,"Wheat Flour Unbleached,Flour,Barley Malted Flour,Iron Reduced,Niacin,Thiamine Mononitrate (Vitamin B1),Vitamin B1,Riboflavin (Vitamin B2),Vitamin B2,Folic Acid (Vitamin aB),Water,Sugar,Vegetable(s) Shortening Partially Hydrogenated,Soybean(s) Shortening Partially Hydrogenated,Cottonseed Shortening Partially Hydrogenated,Yeast,Cinnamon,Wheat Gluten,Salt,Corn Syrup High Fructose,Potato(es) Flour,Maltodextrin,Whey,Soy Flour,Mono and Diglycerides,Milk Non-Fat,Molasses,Sodium Stearoyl Lactylate,Corn Syrup Solids,Calcium Propionate,Preservative,Caramel Color,Corn Flour,Flavor(s) Natural &amp;amp; Artificial,Soy Lecithin,Wheat Starch,Leavening,Sodium Acid Pyrophosphate,Baking Soda,Monocalcium Phosphate,Guar Gum,Xanthan Gum,Spice(s),and,Coloring,Corn Starch Modified",1 slice,12,130,40,20,7,6,1,4,,,,,0,3,170,7,0,0,16 oz
Butterball One-Step Seasoned Stuffing,http://www.foodfacts.com/members/item_info.cfm?item=6030,"Wheat Flour Enriched,(,Wheat Flour,Niacin,Iron,Thiamine Mononitrate (Vitamin B1),Riboflavin (Vitamin B2),Folic Acid (Vitamin aB),),Canola Oil,Salt,Onion(s) Powder,Contains less than 22% of,Maltodextrin,Sugar,Yeast,Soy Protein Hydrolyzed,Celery Dehydrated,Spice(s),Chicken Fat,Parsley Dehydrated,Flavor(s) Turkey,Yeast Extract Autolyzed,Flavor(s) Butter,Disodium Inosinate,Disodium Guanylate",1/2 cup,4.5,160,35,28,9,2,3,12,,,0,0,0,4,440,18,0,0,6 oz
President's Choice Blue Menu Chicken Curry,http://www.foodfacts.com/members/item_info.cfm?item=37302,"Bean(s) Green,Contains,Chicken Fillets Seasoned,Water,Corn Starch Modified,Salt,Cauliflower,Onion(s),Zucchini Yellow,Tomato(es) Crushed,Canola Oil,Spice(s),Sugar,Water,Corn Starch,Herb(s),Yogurt,Milk Ingredients,Bacterial Culture,Ginger Puree,Flavor(s),Garlic,Salt,Lemon(s) Juice Concentrated",1 Tray (280g),1,190,0,17,6,6,6,24,5,8,1,5,0,19,560,23,80,27,9.88 oz.
Pringles Stix Crispy Honey Butter Flavored Baked Wheat Cracker Sticks,http://www.foodfacts.com/members/item_info.cfm?item=40703,"Wheat Flour,Palm Oil,Sugar,Butter,Cream,Salt,Lecithin,Margarine,Palm Oil,Soybean(s) Oil,Canola Oil,Corn Oil,Glycerol Monostearate,Carotene,Flavor(s) Natural,Mono and Diglycerides,Salt,Contains 2% or less of the Following: (,Sugar Isometric,Yeast,Rice Starch,Flavor(s) Natural &amp;amp; Artificial,Trisodium Phosphate,Monosodium Glutamate,Disodium Inosinate,Egg(s),Disodium Guanylate,Sucralose",1 Package,10,90,30,12,4,2,0,0,,,,,0,2,150,6,0,0,6.8 oz.
Francesco Rinaldi Sun-Dried Tomato Alfredo Pasta Sauce,http://www.foodfacts.com/members/item_info.cfm?item=36049,"Water,Cream,Cheese Parmesan,and,Cheese Romano,Milk Pasteurized,Cheese Cultures,Enzyme(s),),Salt,Salt,Water,Citric Acid,Lactic Acid,Whey,Egg(s) Yolks Enzyme Modified,Egg(s) Yolks,Water,Enzyme(s),Salt,Corn Starch Modified,Butter,Cream,Salt,Sodium Phosphate,Soybean(s) Oil,Sugar,Tomato(es) Sun Dried,Tomato(es),Contains,Wine Chablis,Sulfite,Garlic Granulated,Spice(s),Xanthan Gum,Flavor(s) Natural &amp;amp; Artificial",1/4 Cup,8,80,60,0,0,2,0,0,6,9,,,0,1,390,16,35,12,16.25 oz.
Taco Bell Home Original Mild Con Queso Salsa,http://www.foodfacts.com/members/item_info.cfm?item=6697,"Water,Food Starch Modified,Soybean(s) Oil,Milk Protein Concentrate,Tomato(es) Paste,Pepper(s) Bell Green,Contains less than 22% of,Sodium Phosphate,Whey,Milk,Salt,Pepper(s) Bell Red,Lactic Acid,Monosodium Glutamate,Sodium Alginate,Buttermilk,Datem,Onion(s) Dried,Color(s) Artificial,Sorbic Acid,Preservative,Cheese Culture,Butter,Oleoresin Paprika,Added for Color,Sodium Hexametaphosphate,Spice(s),Flavor(s) Natural,Enzyme(s),Garlic Dried,Annatto,Added for Color,Sugar,Vinegar,Pepper(s) Chili Dried",2 tbsp,14,40,25,2,1,0,0,0,3,5,,,0,1,320,13,5,2,15.5 oz
Wegmans String Cheese,http://www.foodfacts.com/members/item_info.cfm?item=41729,"Milk Pasteurized,Cheese Culture,Salt,Enzyme(s)",2 tbsp,12,80,50,1,0,0,0,0,6,9,3,15,0,7,190,8,15,5,12 oz
Fisher Boy Crunchy Fish Sticks,http://www.foodfacts.com/members/item_info.cfm?item=10758,"Fish Blend Minced,Fish Mullet,Fish Pollock,Fish Whiting,Fish Cod,Fish Sole,Fish Flounder,Plaice,Burbot,Fish Cod Freshwater,Water,Wheat Flour Enriched,Flour,Niacin,Ferrous Sulfate,Thiamine Mononitrate (Vitamin B1),Riboflavin (Vitamin B2),Folic Acid (Vitamin aB),Vegetable(s) Oil,Soybean(s) Oil,and/or,Canola Oil,and/or,Cottonseed Oil,Corn Starch Modified,Soy Protein Concentrate Textured,Contains less than 22% of,Sugar,Dextrose,Salt,Leavening,Sodium Bicarbonate,Sodium Aluminum Phosphate,Monocalcium Phosphate,Soybean(s) Oil Partially Hydrogenated,Milk Non-Fat Dry,Whey,Wheat Flour,Wheat Enriched Bleached Flour,Flour,Niacin,Ferrous Sulfate,Thiamine Mononitrate (Vitamin B1),Riboflavin (Vitamin B2),Folic Acid (Vitamin aB),Corn Protein Hydrolyzed,Onion(s) Powder,Yeast,Guar Gum,Spice(s),Pepper(s) Soluble,Sodium Tripolyphosphate,To Retain Moisture,Soy Flour,Corn Flour Yellow,Corn Starch,Flavor(s) Natural,Caramel Color,Yeast Extract Autolyzed,Calcium Pantothenate,Annatto Extractives,Paprika Extractives,Turmeric Extractives,Maltodextrin,Minerals,Zinc Oxide,Electrolytic Iron,Copper Gluconate,Potassium Iodide,Sodium Ascorbate (Vitamin C),Sodium Erythorbate,To Retain Freshness,Sodium Hexametaphosphate,To Retain Moisture,Vitamin B1,Vitamin B12,Vitamin B2,Vitamin B3,Vitamin B6,Vitamin D3,Vitamin E,Methylcellulose Hydroxypropyl,Vitamin C,Vitamin A Palmitate,D-Biotin,Vitamin K1",6 sticks,5,210,80,23,8,1,2,8,9,14,,,0,10,440,18,10,3,16 oz.
Newman's Own All Natural Butter Flavored Microwave Popcorn,http://www.foodfacts.com/members/item_info.cfm?item=5182,"Popcorn,Palm Oil,Flavor(s) Natural Butter,Other,Flavor(s) Natural,Salt,Soybean(s) Oil,Annatto Extract,color(s),Vitamin E,To Preserve Freshness",3.5 cup,18,130,45,18,6,0,3,12,5,8,2,10,0,2,180,8,0,0,21 oz
Carnation Dark Chocolate Instant Breakfast Drink Mix,http://www.foodfacts.com/members/item_info.cfm?item=33591,"Milk Non-Fat,Sugar,Maltodextrin,Cocoa Processed With Alkali,Lactose,Contains less than 22% of,Dicalcium Phosphate,Flavor(s) Natural &amp;amp; Artificial,Soy Lecithin,Caramel Color,Carrageenan,Sodium Aluminosilicate,Magnesium Hydroxide,Sodium Ascorbate (Vitamin C),Vitamin C,Vitamin E Acetate,Vitamin A Palmitate,Niacinamide (Vitamin aB),Ferric Orthophosphate,Iron,Zinc Oxide,Calcium Pantothenate,Pantothenic Acid,Copper Gluconate,Manganese Sulfate,Pyridoxine Hydrochloride (HCL),Vitamin B6,Thiamine Mononitrate (Vitamin B1),Phylloquinone,Vitamin K,Biotin,Folic Acid (Vitamin aB),Vitamin B12",1 Package,10,220,10,0,0,18,1,4,1,2,,,0,5,80,3,,,12.6 oz.
Sun-Maid Vanilla Yogurt Raisins,http://www.foodfacts.com/members/item_info.cfm?item=4979,"Raisin(s),Yogurt,Sugar,Palm Kernel Oil Partially Hydrogenated,Milk Non-Fat Powder,Yogurt Powder Non Fat,Whey,Titanium Dioxide,Soy Lecithin,Vanilla,Confectioner&amp;apos;s Glaze,Corn Syrup,Dextrin,Maltodextrin",1/4 Cup,7.5,130,45,20,7,19,1,4,5,8,4,20,0,1,20,1,0,0,8 oz
Mrs. Cubbison's Seasoned Restaurant Style Croutons,http://www.foodfacts.com/members/item_info.cfm?item=8422,"Wheat Flour Enriched,(,Flour,Barley Malt,Ferrous Sulfate,Niacin,Thiamine Mononitrate (Vitamin B1),Riboflavin (Vitamin B2),Folic Acid (Vitamin aB),),Water,Corn Syrup High Fructose,Contains 22% or less,Soybean(s) Oil Partially Hydrogenated,Salt,Yeast,Cheese Romano Power,(,Milk Non-Fat Pasteurized Cultured,Salt,Enzyme(s),Disodium Phosphate,),Whey Cultured,Cheese Parmesan Powder,(,Milk Non-Fat Pasteurized Cultured,Cheese Culture,Salt,Enzyme(s),Soybean(s) Oil Partially Hydrogenated,Whey,Sodium Citrate,Calcium Sulphate (Sulfate),Disodium Guanylate,Disodium Inosinate,Dough Conditioner(s),(,Garlic Powder,Maltodextrin,Monosodium Glutamate,Parsley Flakes,Spice(s),Flavor(s) Natural Cheese,Calcium Iodate,Dill Weed,Flavor(s) Natural,),Calcium Dioxide,)",5 croutons,24,30,10,4,1,0,0,0,1,2,0,0,0,0,80,3,0,0,6 oz
Pace Tequila Lime Salsa,http://www.foodfacts.com/members/item_info.cfm?item=40069,"Tomato(es) Yellow Puree,Tomato(es) Yellow Paste,Water,Pepper(s) Jalapeno(s),Pepper(s) Chili Green,Lime Juice Reconstituted,Water,Lime Juice Concentrate,Onion(s) ( Organic ),Tomatillos,Squash Puree,Tequila Cilantro,Salt,Sugar,Citric Acid,Flavoring Natural",2 tbsp.,14,15,0,3,1,2,0,0,0,0,0,0,0,0,150,6,0,0,16 oz.
Tumaro's Tortillas Garden Spinach &amp; Herb Homestyle Organic Flour Tortillas,http://www.foodfacts.com/members/item_info.cfm?item=20553,"Wheat Flour Unbleached ( Organic ),Niacin,Iron,Thiamine Mononitrate (Vitamin B1),Riboflavin (Vitamin B2),Folic Acid (Vitamin aB),Water,Wheat Flour Whole ( Organic ),Canola Oil,Calcium Propionate,Baking Powder,Sodium Bicarbonate,Sodium Aluminum Sulfate,Corn Starch,Calcium Sulphate (Sulfate),Monocalcium Phosphate,Salt Sea,Dough Conditioner(s),Whey,L-Cysteine Hydrochloride,Mono Diglycerides,Garlic Powder,Vegetable(s) Blend Dehydrated,Onion(s) Powder,Garlic Powder,Parsley,Pepper(s) Bell Red,and,Pepper(s) Bell Green,Spice(s),Fumaric Acid,Parsley,Potassium Sorbate,Blue 1,Yellow 5,Sodium Metabisulfite",1 tortilla,8,110,10,21,7,1,1,4,1,2,0,0,0,4,150,6,0,0,12.7 oz
Ore-Ida Extra Crispy Fast Food French Fries,http://www.foodfacts.com/members/item_info.cfm?item=16865,"Potato(es),Vegetable(s) Oil Partially Hydrogenated,Soybean(s) Oil Partially Hydrogenated,and/or,Canola Oil Partially Hydrogenated,Food Starch Modified,Rice Flour,Dextrin,Salt,Corn Starch,Leavening,Sodium Acid Pyrophosphate,Sodium Bicarbonate,Dextrose,Xanthan Gum,Disodium Dihydrogen Pyrophosphate,Annatto",about 27 pieces (84g),9,160,60,23,8,,2,8,6,9,,,2,2,440,18,0,0,26 oz
Honey Bunchs of Oats Cereal with Almonds,http://www.foodfacts.com/members/item_info.cfm?item=46725,"Corn,Wheat Whole Grain,Sugar,Oat(s) Rolled Whole Grain,Almond(s),Sugar Brown,Vegetable(s) Oil High Oleic,Canola Oil,Or,Sunflower Oil,Rice Flour,Corn Syrup,Wheat Flour,Rice,Barley Malted Flour,Salt,Fructose,Whey,from,Milk,Honey,Corn Syrup Malted,and,Barley Malted Syrup,Cinnamon,Flavor(s) Artificial,Flavor(s) Natural,Caramel Color,Annatto Extract Color,BHT,To Preserve Freshness,Vitamins And Minerals,:,Iron Reduced,Niacinamide (Vitamin aB),Folic Acid (Vitamin aB),Riboflavin (Vitamin B2),Vitamin B2,Thiamine Mononitrate (Vitamin B1),Vitamin B1,Vitamin B12,Vitamin B6,Vitamin D,Zinc Oxide,Zinc,Vitamin A Palmitate",.75 cup,13,170,25,25,8,6,2,8,,,0,0,0,3,150,6,0,0,14.5 oz
Seeds of Change Certified Organic Moroccan Lentil Rice Pilaf,http://www.foodfacts.com/members/item_info.cfm?item=15824,"Rice Aromatic ( Organic ),Pasta ( Organic ),Semolina Durum ( Organic ),Water,Lentil(s) ( Organic ),Wheat Berries ( Organic ),Vegetable(s) Dried ( Organic ),Carrot(s) ( Organic ),Onion(s) ( Organic ),Garlic (Organic),Salt Sea,Cane Juice Evaporated ( Organic ),Spice(s) ( Organic ),Miso Powder ( Organic ),Soybean(s) Fermented,Salt,Tamari Powder ( Organic ),Soybean(s) ( Organic ),Salt,Rice Flour ( Organic ),Herb(s) ( Organic ),Sunflower Oil ( Organic )",(53g dry / 1 cup cooked),3,180,15,38,13,3,3,12,1,2,0,0,0,5,750,31,0,0,5.6 oz
McCormick Country Herb Chicken Sauce Blend,http://www.foodfacts.com/members/item_info.cfm?item=14546,"Wheat Starch,Cream Solids,Salt,Chicken Broth,Corn Gluten Hydrolyzed,Soy Protein,Wheat Gluten,Yeast Torula,Spice(s),Includes,Thyme,Rosemary,Sage,Xanthan Gum,Soy Flour,Garlic,Onion(s),Yeast Extract Autolyzed,Soy Lecithin,Flavor(s) Natural",1 tbsp dry mix,4,40,15,4,1,0,0,0,2,3,,,0,1,470,20,10,3,1.25 oz
Lifestream Organic 8 Grain Sesame Toaster Waffles,http://www.foodfacts.com/members/item_info.cfm?item=21737,"Water,Wheat Flour White ( Organic ),Wheat Flour Whole ( Organic ),Canola Oil Expeller Pressed,and/or,Soybean(s) Oil ( Organic ),Cane Juice Evaporated,Sesame Seed(s) ( Organic ),Flax Seed ( Organic ),Oat(s) Flour ( Organic ),Corn Flour ( Organic ),Rice Brown Flour ( Organic ),Oat(s) Bran ( Organic ),Millet ( Organic ),Buckwheat Flour ( Organic ),Barley Flour ( Organic ),Wheat Bran ( Organic ),Leavening,Sodium Acid Pyrophosphate,Sodium Bicarbonate,Monocalcium Phosphate,Soy Lecithin,Salt Sea",2 Waffles (78g),4,240,80,35,12,6,3,12,9,14,1,5,0,4,450,19,0,0,11 oz.
McDonald's Vanilla Triple Thick &amp;reg; Shake,http://www.foodfacts.com/members/item_info.cfm?item=6240,"Ice Cream Reduced Fat,Milk,Sugar,Cream,Milk Non-Fat Solids,Corn Syrup Solids,Mono and Diglycerides,Guar Gum,Dextrose,Sodium Citrate,Flavor(s) Artificial Vanilla,Carrageenan,Cellulose Gum,Disodium Phosphate,Sodium Phosphate,Vitamin A Palmitate,Vanilla Syrup,Corn Syrup,Water,Flavor(s) Natural,Caramel Color,Citric Acid,Pectin,Sodium Benzoate,Preservative,Yellow 5,Yellow 6",1 Shake,1,1110,240,193,64,145,0,0,26,40,16,80,2,25,370,15,100,33,32 fl oz.
Citterio Genuine Prosciutto di Parma,http://www.foodfacts.com/members/item_info.cfm?item=49766,"Pork,Salt",2 slices,3,63,33,0,0,0,0,0,,,,,0,,680,28,20,7,3 oz
Lowe's Cinnamon Applesauce - 6 Pack,http://www.foodfacts.com/members/item_info.cfm?item=31335,"Apple(s),Corn Syrup,Water,Sugar,Flavor(s) Natural,Cinnamon,Erythorbic Acid,To Protect Color",1 Container,6,120,0,30,10,22,2,8,0,0,0,0,0,0,15,1,0,0,24 oz.
Wegmans Oatmeal Soft Cookies,http://www.foodfacts.com/members/item_info.cfm?item=40805,"Flour Enriched Bleached,Flour Unbleached,Wheat Flour,Niacin,Iron,Thiamine Mononitrate (Vitamin B1),Riboflavin (Vitamin B2),Folic Acid (Vitamin aB),Sugar,Vegetable(s) Shortening,Soybean(s) Oil Partially Hydrogenated,and/or,Cottonseed Oil Partially Hydrogenated,Corn Syrup High Fructose,Oatmeal,Raisin(s) Paste,Water,Corn Syrup,Egg(s) Dried,Leavening,Baking Soda,Salt,Whey Dried,Cinnamon,Flavor(s) Natural &amp;amp; Artificial",1 Cookie,12,100,30,17,6,9,0,0,,,1,5,0,1,95,4,0,0,11 oz.
Armour Lite 50% Less Fat Vienna Sausage,http://www.foodfacts.com/members/item_info.cfm?item=25534,"Chicken Machanically Separated,Water,Pork,Beef,Salt,Food Starch Modified,Contains 2% or less of the Following: (,Corn Syrup,Mustard,Spice(s),Flavoring Natural,Garlic Dried,Sodium Nitrate (Nitrite)",(53g),2,90,60,1,0,1,0,0,7,11,,,0,5,420,18,40,13,5 oz.
Allens Green Bean Casserole,http://www.foodfacts.com/members/item_info.cfm?item=1676,"Bean(s) Green,Water,Lactose,Non Dairy Creamer,Soybean(s) Oil Partially Hydrogenated,Flavor(s) Natural &amp;amp; Artificial,Buttermilk Solids,Food Starch Modified,Mushroom(s),Milk Non-Fat Dry,Onion(s) Powder,Salt,Sodium Caseinate,Spice(s),Caramel Color,Xanthan Gum",1/2 Cup (120g),6,40,10,6,2,2,1,4,1,2,0,0,0,2,270,11,0,0,28 oz
Wise Party Size Potato Chips,http://www.foodfacts.com/members/item_info.cfm?item=3915,"Potato(es),Vegetable(s) Oil,Corn Oil,Cottonseed Oil,Salt",16 Chips  (28g),20,150,90,14,5,0,1,4,10,15,3,15,0,2,190,8,0,0,19 oz
Crystal Light On The Go Sugar Free Raspberry Ice Drink Mix,http://www.foodfacts.com/members/item_info.cfm?item=23608,"Maltodextrin,From Corn,Citric Acid,and,Malic Acid,For Tartness,Raspberry(ies) Juice Solids,Aspartame,Sweetener,Red 40,Contains less than 22% of,Flavor(s) Natural &amp;amp; Artificial,Calcium Phosphate,Added To Prevent Caking,Acesulfame Potassium,Sweetener,Blue 1",1/2 Packet,20,5,0,0,0,0,0,0,0,0,0,0,0,0,0,0,0,0,0.6 oz
Terra Medi Mixed Olives,http://www.foodfacts.com/members/item_info.cfm?item=25086,"Olives,Olives Halkidiki,Olives Kalamata,Olives Amfissa,Rosemary,Fennel,Pepper(s) Red Roasted,Water,Vinegar Wine,Orange(s),Grape(s) Musts,Salt Sea,Olive Oil,Herb(s),Spice(s)",2 Olives,12,25,18,1,0,0,0,0,2,3,,,0,0,230,10,0,0,10 oz.
Albertson's Spaghetti Sauce with Mushrooms,http://www.foodfacts.com/members/item_info.cfm?item=27583,"Tomato(es) Puree,Water,Tomato(es) Paste,Mushroom(s),Corn Syrup,Soybean(s) Oil,Salt,Corn Syrup High Fructose,Onion(s) Dried,Olive Oil Extra Virgin,Cheese Romano Pecorino,Milk Sheep&amp;apos;s Pasteurized,Rennet,Salt,Spice(s),Garlic",1/2 cup,6,90,40,11,4,7,3,12,4,6,1,5,0,2,700,29,0,0,26 oz.
ShopRite Hashbrowns,http://www.foodfacts.com/members/item_info.cfm?item=27927,"Potato(es),Vegetable(s) Oil,Soybean(s) Oil,and,Canola Oil,Salt,Dextrose,Disodium Dihydrogen Pyrophosphate,To Promote Color Retention",1 patty,20,120,60,0,0,0,0,0,7,11,1,5,0,1,250,10,0,0,45 oz
Pirate Brands Real Wisconsin Cheese Smart Puffs Snack,http://www.foodfacts.com/members/item_info.cfm?item=46416,"Corn Meal,Rice,Oil,Sunflower Oil,Canola Oil Expeller Pressed,Or,Corn Oil Expeller Pressed,Cheese Cheddar Aged,Milk Cultured,Salt,Enzyme(s),Whey,Buttermilk",31.5 g,1,150,70,18,6,2,0,0,8,12,,,0,3,290,12,5,2,1.38 oz
Wegmans Fruit &amp; Grain Apple Cinnamon Cereal Bars,http://www.foodfacts.com/members/item_info.cfm?item=39800,"Filling,Apple(s) Preserves,Corn Syrup High Fructose,Corn Syrup,Apple(s) Puree,Sugar,Water,Glycerine,Maltodextrin,Sodium Alginate,Corn Starch Modified,Cellulose Modified,Malic Acid,Monocalcium Phosphate,Cinnamon,Citric Acid,Xanthan Gum,Wheat Flour Enriched,Wheat Flour Bleached,Barley Malted Flour,Niacin,Iron Reduced,Thiamine Mononitrate (Vitamin B1),Riboflavin (Vitamin B2),Folic Acid (Vitamin aB),Oat(s) Whole,Sugar,Soybean(s) Oil Partially Hydrogenated,and/or,Cottonseed Oil Partially Hydrogenated,Corn Syrup High Fructose,Water,Glycerine,Milk Non-Fat Dry,Calcium Carbonate,Honey,Wheat Bran,Salt,Sorbitan Monostearate,Leavening,Potassium Bicarbonate,Flavor(s) Natural and Artificial Vanilla,Cinnamon,Xanthan Gum,Vitamin A Palmitate,Niacinamide (Vitamin aB),Pyridoxine Hydrochloride (HCL),Vitamin B6,Iron Reduced,Zinc Oxide,Riboflavin (Vitamin B2),Vitamin B2,Thiamine (Thiamin) Hydrochloride,Vitamin B1,Folic Acid (Vitamin aB),Cyanocobalamin,Vitamin B12,Soy Lecithin",1 Bar,8,130,25,26,9,13,2,8,3,5,,,0,2,85,4,0,0,10.4 oz.
Bob's Red Mill Wheat Free Biscuit &amp; Baking Mix,http://www.foodfacts.com/members/item_info.cfm?item=34124,"Rice White Flour Stone Ground,Bean(s) Garbanzo Flour,Baking Powder,Sodium Acid Pyrophosphate,Sodium Bicarbonate,Corn Starch,Monocalcium Phosphate,Xanthan Gum,Salt Sea",1 Biscuit,20,110,80,0,0,0,1,4,9,14,1,5,0,0,550,23,0,0,24 oz.
Sweet 'N Low Sugar Free International Coffee Flavors Hard Candy,http://www.foodfacts.com/members/item_info.cfm?item=8317,"Isomalt,Citric Acid,Palm Kernel Oil Hydrogenated,Sodium Bicarbonate,Coffee,Salt,Flavor(s) Natural &amp;amp; Artificial,Sucralose,Soy Lecithin",3-4 pieces,8,35,0,13,4,0,0,0,0,0,0,0,0,0,85,4,0,0,4 oz.
Black Forest Gummy Worms,http://www.foodfacts.com/members/item_info.cfm?item=10138,"Corn Syrup,Sucrose,Gelatin,Citric Acid,Sodium Citrate,Apple(s) Juice Concentrate,Flavor(s) Artificial,Flavor(s) Natural,Yellow 5,Red 40,Blue 1,Coconut Oil,Carnauba Wax",5 worms (45g),3,160,0,35,12,22,0,0,0,0,0,0,0,3,34,1,0,0,5 oz.
Breyers All Natural Vanilla &amp; Chocolate Ice Cream,http://www.foodfacts.com/members/item_info.cfm?item=9159,"Milk,Cream,Sugar,Cocoa Processed With Alkali,Flavor(s) Natural,Tara Gum Natural",1/2 cup (68g),14,130,60,16,5,15,0,0,7,11,,,0,3,35,1,20,7,56 fl oz.
Emerald of California Glazed Pecans Pecan Pie,http://www.foodfacts.com/members/item_info.cfm?item=20706,"Pecan(s),Sugar,Corn Syrup,Sugar Brown,Flavor(s) Natural &amp;amp; Artificial,Canola Oil,Vanilla,Salt,Soy Lecithin,An Emulsifier,Citric Acid",1/4 cup (28g),5,150,100,12,4,10,1,4,11,17,1,5,0,1,110,5,0,0,5 oz
KC Masterpiece Honey Barbecue Sauce,http://www.foodfacts.com/members/item_info.cfm?item=25498,"Water,Corn Syrup High Fructose,Tomato(es) Paste,Molasses,Honey,Sugar Brown,Vinegar,Food Starch Modified,Contains 2% or less of the Following: (,Salt,Spice(s),Flavor(s) Natural,Xanthan Gum,Onion(s),Sodium Benzoate,Garlic,Caramel Color",(36g),14,50,0,12,4,10,0,0,0,0,0,0,0,0,280,12,0,0,18 oz.
Luzianne Cajun Stew Etouffee Dinner Kit,http://www.foodfacts.com/members/item_info.cfm?item=32879,"Rice,Pepper(s) Bell Red,Pepper(s) Bell Green,Food Starch Modified,Onion(s),Vegetable(s) Protein Hydrolyzed,Salt,Flour,Spice(s),Flavor(s) Natural,Celery,Monosodium Glutamate,Pepper(s) Red,Caramel Color,Sodium Sulfate (Sulfite, Sulphite),As Preservatives",1/4 Box (57g) (about 1/3 Cup Dry Mix),4,200,10,42,14,2,1,4,1,2,0,0,0,5,1030,43,0,0,8 oz.
President's Choice Blue Menu Barley Risotto with Herbed Chicken,http://www.foodfacts.com/members/item_info.cfm?item=37299,"Risotto,Barley,Lemon(s) Juice from Concentrate,Onion(s),Rice Wild,Tomato(es),Rice Brown,Celery,Garlic,Tapioca Starch Modified,Olive Oil,Parsley,Pepper(s) Bell Red,Lemon(s) Peel,Chicken Broth Concentrate,Chicken Broth,Salt,Flavor(s) Chicken,Potato(es) Starch Modified,Carrot(s) Juice,Guar Gum,Salt,Sodium Alginate,Spice(s),Sugar,Xanthan Gum,Mono and Diglycerides,Corn Starch Modified,Chicken Seasoned,Chicken Breast,Water,Salt,Contains,Seasoning,Milk Ingredients,Sodium Phosphate,Corn Starch Modified,Corn Syrup Solids,Parsley,Spice(s),Herb(s),Basil,Chives,Parsley,Spice(s),Cheese Parmesan Product,Milk Ingredients Modified,Bacterial Culture,Rennet,Or,Salt,Lipase,Microbial Enzymes,Cellulose,Color(s),Maltodextrin,Sodium Phosphate,Sorbic Acid,Tricalcium Phosphate",1 Tray (290g),1,290,0,42,14,6,5,20,6,9,,,0,17,800,33,30,10,10.2 oz.
Entenmann's Key Lime Pie,http://www.foodfacts.com/members/item_info.cfm?item=9716,"Milk Condensed Sweetened,Water,Wheat Flour Unbleached,Vegetable(s) Shortening Partially Hydrogenated,(,Soybean(s),Cottonseed,),Egg(s),Lime Puree,Key Lime Puree,Sugar,Wheat Flour Whole,Salt,Dextrose,Potassium Sorbate,Corn Syrup High Fructose,Molasses,Baking Soda,Potassium Sorbate,Preservative,Corn Syrup High Fructose,Molasses,Baking Soda,Propylene Glycol,Flavor(s) Artificial,Blue 1,Yellow 5,Caramel Color",1/5 pie,5,440,170,60,20,47,0,0,19,29,8,40,0,9,290,12,70,23,21 oz.
Genisoy Diet Chocolate Mint Supplement Protein Bar,http://www.foodfacts.com/members/item_info.cfm?item=24980,"Soy Protein Isolate,Corn Syrup,Chocolate Confectioner&amp;apos;s Glaze,Sugar,Palm Kernel Oil,Cocoa,Whey,Milk Non-Fat Dry,Lecithin,Flavor(s) Vanilla,Rice Flour,Cocoa,Cookies,Wheat Flour Enriched,Sugar,Vegetable(s) Oil,Salt,Cocoa,Peanut(s) Butter,Soybean(s) Roasted,Canola Oil,Flavor(s) Natural,Vitamins And Minerals,Calcium Phosphate,Potassium Chloride,Magnesium Oxide,Vitamin E,Ascorbic Acid,Ferrous Fumarate,Niacinamide (Vitamin aB),Zinc Oxide,Copper Gluconate,Calcium Pantothenate,Vitamin A Palmitate,Pyridoxine Hydrochloride (HCL),Riboflavin (Vitamin B2),Thiamine (Thiamin) Hydrochloride,Folic Acid (Vitamin aB),Biotin,Cyanocobalamin,Potassium Iodide,Selenomethionine",1 bar,1,240,40,37,12,23,2,8,,,3,15,0,14,150,6,0,0,2.2 oz
Cento Ready to Serve Split Pea Soup with Prosciuto Ham,http://www.foodfacts.com/members/item_info.cfm?item=19819,"Water,Peas Split,Carrot(s),Prosciutto,cured with,Salt,Sugar,Sugar Brown,Spice(s) Natural,Sodium Nitrate (Nitrite),Sodium Nitrate (Nitrite),Peas,Potato(es),Celery,Potato(es) Starch,Sugar,Salt,Yeast Extract,Flavor(s) Ham,Yeast Extract,Corn Syrup Solids,Salt,Flavor(s) Natural,Silicon Dioxide,Parsley Dried,Flavor(s) Natural",1 cup (240g),2,220,25,35,12,6,11,44,3,5,1,5,0,15,860,36,10,3,15 oz
Uncle Ben's Country In Broccoli Rice Au Gratin,http://www.foodfacts.com/members/item_info.cfm?item=5765,"Rice Long Grain Enriched Parboiled,Niacin,Ferric Orthophosphate,Thiamine Mononitrate (Vitamin B1),Folic Acid (Vitamin aB),Whey,Cheese Parmesan Dried,Cheese Cheddar Dried,Cheese Romano Dried,Cheese Blue Dried,Milk,Cheese Culture,Salt,Enzyme(s),Vegetable(s) Dried,Broccoli Dried,Onion(s) Dried,Parsley Dried,Salt,Soybean(s) Oil Partially Hydrogenated,Yeast Extract Autolyzed,Wheat Flour,Sodium Citrate,Lactic Acid,Disodium Phosphate,Food Starch Modified,Flavor(s) Natural,Buttermilk,Sugar,Xanthan Gum,Milk Non-Fat,Spice(s),Disodium Inosinate,Disodium Guanylate,Citric Acid,Butter,Annatto,Turmeric",2 oz (57g / About 1/3 package) (About 1 cup cooked,3,200,20,41,14,3,1,4,2,3,1,5,0,5,790,33,5,2,6 oz
Knorr Extra Large Fish Flavor Bouillon,http://www.foodfacts.com/members/item_info.cfm?item=14350,"Salt,Soybean(s) Oil Partially Hydrogenated,Cottonseed Oil Partially Hydrogenated,Wheat Protein Hydrolyzed,Fish Powder,Monosodium Glutamate,Onion(s) Powder,Yeast Extract,Spice(s),Disodium Inosinate,Disodium Guanylate,Caramel Color",1/2 cube,12,10,10,0,0,0,0,0,1,2,,,0,1,980,41,0,0,2 oz
Pepperidge Farm Giant Goldfish Buttery Flavor Baked Snack Crackers,http://www.foodfacts.com/members/item_info.cfm?item=2256,"Wheat Flour Unbleached Enriched,Flour,Niacin,Iron Reduced,Riboflavin (Vitamin B2),Thiamine Mononitrate (Vitamin B1),Canola,Cottonseed Oil,Folic Acid (Vitamin aB),Sugar Invert,Milk Non-Fat,Vegetable(s) Shortening Partially Hydrogenated,Soybean(s) Oil,Sugar,Ammonium Bicarbonate,Baking Soda,Butter,Corn,Dextrose,Leavening,Malt Syrup,Barley Malted,Barley Malted Flour,Monocalcium Phosphate,Salt,Wheat Gluten",14 Crackers,11,150,60,21,7,3,0,0,6,9,,,0,2,300,13,0,0,11 oz
Chloraseptic Oral Anesthetic / Analgesic Sore Throat Gargle,http://www.foodfacts.com/members/item_info.cfm?item=20340,"Blue 1,Flavor(s),Glycerine,Water Purified,Saccharin Sodium,Active Ingredients,Phenol",15 ml,20,0,0,0,0,0,0,0,0,0,0,0,0,0,0,0,0,0,10 fl oz
